NombreEquipo,NombreJugador,PrecioJugador,FechaNacimiento,Edad,Nacionalidad,Altura,Posicion,PartidosJugados,ValoracionPromedio,TotalGoles,TotalPasesGol,TotalGolesRecibidos,PorteriaImbatida,MinutosJugados
Manchester City,Ederson,56,1993-08-17,27,Brasil,1.88,Portero,308,"2,18",0,0,252,146,27.407'
Manchester City,Zack Steffen,6,1995-04-02,26,Estados Unidos,1.91,Portero,135,"1,53",0,0,187,38,12.240'
Manchester City,Scott Carson,0.5,1985-09-03,35,Inglaterra,1.88,Portero,520,"1,44",0,0,657,153,46.770'
Manchester City,Rúben Dias,70,1997-05-14,23,Portugal,1.87,Defensa central,246,"2,02",13,8,0,0,21.821'
Manchester City,Aymeric Laporte,50,1994-05-27,26,Francia,1.89,Defensa central,336,"1,88",17,10,0,0,28.801'
Manchester City,Nathan Aké,35,1995-02-18,26,Países Bajos,1.8,Defensa central,229,"1,45",17,12,0,0,18.873'
Manchester City,John Stones,30,1994-05-28,26,Inglaterra,1.88,Defensa central,295,"1,99",12,3,0,0,22.897'
Manchester City,Eric García,20,2001-01-09,20,España,1.83,Defensa central,83,"2,01",6,2,0,0,6.753'
Manchester City,Philippe Sandler,3,1997-02-10,24,Países Bajos,1.9,,0,0,0,0,0,0,0
Manchester City,Benjamin Mendy,22,1994-07-17,26,Francia,1.85,Lateral izquierdo,273,"1,91",6,40,0,0,22.296'
Manchester City,Oleksandr Zinchenko,20,1996-12-15,24,Ucrania,1.75,Lateral izquierdo,155,"2,09",5,25,0,0,10.902'
Manchester City,João Cancelo,50,1994-05-27,26,Portugal,1.82,Lateral derecho,274,"1,81",11,42,0,0,20.665'
Manchester City,Kyle Walker,35,1990-05-28,30,Inglaterra,1.83,Lateral derecho,488,"2,01",11,46,0,0,41.115'
Manchester City,Rodri,70,1996-06-22,24,España,1.91,Pivote,268,"2,00",12,13,0,0,19.399'
Manchester City,Fernandinho,2.5,1985-05-04,35,Brasil,1.79,Pivote,631,"2,18",77,77,0,0,49.624'
Manchester City,Phil Foden,70,2000-05-28,20,Inglaterra,1.71,Mediocentro,155,"2,50",48,34,0,0,9.329'
Manchester City,Ilkay Gündogan,40,1990-10-24,30,Alemania,1.8,Mediocentro,452,"2,07",88,53,0,0,32.870'
Manchester City,Kevin De Bruyne,100,1991-06-28,29,Bélgica,1.81,Mediocentro ofensivo,484,"1,99",112,189,0,0,36.967'
Manchester City,Bernardo Silva,70,1994-08-10,26,Portugal,1.73,Mediocentro ofensivo,380,"2,21",70,66,0,0,26.377'
Manchester City,Raheem Sterling,100,1994-12-08,26,Inglaterra,1.7,Extremo izquierdo,433,"2,04",144,121,0,0,32.524'
Manchester City,Ferran Torres,50,2000-02-29,21,España,1.84,Extremo derecho,138,"1,83",18,20,0,0,7.702'
Manchester City,Riyad Mahrez,42,1991-02-21,30,Argelia,1.79,Extremo derecho,381,"1,83",94,85,0,0,26.586'
Manchester City,Gabriel Jesus,60,1997-04-03,24,Brasil,1.75,Delantero centro,237,"2,29",102,39,0,0,15.069'
Manchester City,Sergio Agüero,25,1988-06-02,32,Argentina,1.73,Delantero centro,653,"1,91",375,119,0,0,48.007'
Liverpool FC,Alisson,65,1992-10-02,28,Brasil,1.91,Portero,241,"2,01",0,0,223,104,21.587'
Liverpool FC,Caoimhin Kelleher,2.5,1998-11-23,22,Irlanda,1.88,Portero,60,"1,63",0,0,93,16,5.400'
Liverpool FC,Adrián,1.5,1987-01-03,34,España,1.9,Portero,253,"1,50",0,0,352,76,22.702'
Liverpool FC,Virgil van Dijk,70,1991-07-08,29,Países Bajos,1.93,Defensa central,395,"1,92",43,18,0,0,34.581'
Liverpool FC,Joe Gomez,35,1997-05-23,23,Inglaterra,1.88,Defensa central,154,"2,06",1,5,0,0,11.632'
Liverpool FC,Ozan Kabak,25,2000-03-25,21,Turquía,1.86,Defensa central,86,"1,12",6,1,0,0,6.952'
Liverpool FC,Joel Matip,25,1991-08-08,29,Camerún,1.95,Defensa central,422,"1,79",40,22,0,0,33.700'
Liverpool FC,Rhys Williams,5,2001-02-03,20,Inglaterra,1.95,Defensa central,85,"2,02",8,5,0,0,7.057'
Liverpool FC,Nathaniel Phillips,5,1997-03-21,24,Inglaterra,1.9,Defensa central,63,"1,89",3,1,0,0,4.970'
Liverpool FC,Ben Davies,3,1995-08-11,25,Inglaterra,1.85,Defensa central,250,"1,42",3,6,0,0,21.525'
Liverpool FC,Andrew Robertson,70,1994-03-11,27,Escocia,1.78,Lateral izquierdo,370,"1,79",17,54,0,0,31.701'
Liverpool FC,Konstantinos Tsimikas,8,1996-05-12,24,Grecia,1.79,Lateral izquierdo,160,"1,86",9,19,0,0,13.276'
Liverpool FC,Trent Alexander-Arnold,100,1998-10-07,22,Inglaterra,1.8,Lateral derecho,189,"2,20",13,45,0,0,15.075'
Liverpool FC,Neco Williams,10,2001-04-13,19,Gales,1.83,Lateral derecho,97,"1,66",3,12,0,0,7.597'
Liverpool FC,Fabinho,60,1993-10-23,27,Brasil,1.88,Pivote,377,"1,97",36,30,0,0,30.900'
Liverpool FC,Naby Keïta,38,1995-02-10,26,Guinea,1.72,Mediocentro,251,"1,98",48,39,0,0,17.246'
Liverpool FC,Georginio Wijnaldum,35,1990-11-11,30,Países Bajos,1.75,Mediocentro,559,"1,87",116,56,0,0,43.789'
Liverpool FC,Thiago,35,1991-04-11,29,España,1.74,Mediocentro,410,"2,26",45,57,0,0,28.308'
Liverpool FC,Jordan Henderson,22,1990-06-17,30,Inglaterra,1.87,Mediocentro,484,"1,81",36,64,0,0,37.200'
Liverpool FC,Alex Oxlade-Chamberlain,20,1993-08-15,27,Inglaterra,1.75,Mediocentro,346,"1,94",43,52,0,0,18.122'
Liverpool FC,James Milner,3,1986-01-04,35,Inglaterra,1.75,Mediocentro,763,"1,77",85,130,0,0,51.827'
Liverpool FC,Curtis Jones,30,2001-01-30,20,Inglaterra,1.85,Mediocentro ofensivo,123,"1,79",48,20,0,0,9.203'
Liverpool FC,Ben Woodburn,3,1999-10-15,21,Gales,1.74,Mediocentro ofensivo,98,"1,83",18,18,0,0,6.456'
Liverpool FC,Sadio Mané,100,1992-04-10,28,Senegal,1.74,Extremo izquierdo,394,"1,98",165,88,0,0,30.816'
Liverpool FC,Diogo Jota,40,1996-12-04,24,Portugal,1.78,Extremo izquierdo,239,"1,82",83,41,0,0,16.552'
Liverpool FC,Mohamed Salah,110,1992-06-15,28,Egipto,1.75,Extremo derecho,445,"1,91",198,98,0,0,33.294'
Liverpool FC,Xherdan Shaqiri,14,1991-10-10,29,Suiza,1.69,Extremo derecho,402,"1,92",74,72,0,0,24.648'
Liverpool FC,Roberto Firmino,55,1991-10-02,29,Brasil,1.81,Delantero centro,474,"1,73",141,103,0,0,35.159'
Liverpool FC,Divock Origi,16,1995-04-18,25,Bélgica,1.85,Delantero centro,284,"1,71",59,23,0,0,13.560'
París Saint-Germain FC,Keylor Navas,10,1986-12-15,34,Costa Rica,1.85,Portero,399,"1,91",0,0,385,146,35.873'
París Saint-Germain FC,Sergio Rico,8,1993-09-01,27,España,1.95,Portero,258,"1,60",0,0,346,85,23.024'
París Saint-Germain FC,Alexandre Letellier,0.4,1990-12-11,30,Francia,1.93,Portero,87,"1,26",0,0,112,20,7.920'
París Saint-Germain FC,Denis Franchi,0.25,2002-10-22,18,Italia,,Portero,27,"0,93",0,0,63,2,2.416'
París Saint-Germain FC,Mathyas Randriamamy,0.15,2003-04-23,17,Madagascar,1.86,Portero,0,0,0,0,0,0,0
París Saint-Germain FC,Marquinhos,70,1994-05-14,26,Brasil,1.83,Defensa central,350,"2,29",27,9,0,0,28.839'
París Saint-Germain FC,Presnel Kimpembe,40,1995-08-13,25,Francia,1.89,Defensa central,177,"2,30",1,1,0,0,14.861'
París Saint-Germain FC,Thilo Kehrer,25,1996-09-21,24,Alemania,1.86,Defensa central,265,"2,14",14,14,0,0,19.485'
París Saint-Germain FC,Abdou Diallo,25,1996-05-04,24,Senegal,1.87,Defensa central,178,"1,88",7,6,0,0,14.145'
París Saint-Germain FC,Timothée Pembélé,4,2002-09-09,18,Francia,1.82,Defensa central,16,"2,00",3,3,0,0,1.179'
París Saint-Germain FC,Juan Bernat,16,1993-03-01,28,España,1.7,Lateral izquierdo,287,"2,02",20,27,0,0,21.121'
París Saint-Germain FC,Layvin Kurzawa,12,1992-09-04,28,Francia,1.82,Lateral izquierdo,244,"2,17",22,31,0,0,18.540'
París Saint-Germain FC,Mitchel Bakker,10,2000-06-20,20,Países Bajos,1.85,Lateral izquierdo,136,"2,14",4,12,0,0,10.162'
París Saint-Germain FC,Alessandro Florenzi,15,1991-03-11,30,Italia,1.73,Lateral derecho,439,"1,84",72,35,0,0,31.402'
París Saint-Germain FC,Colin Dagba,12,1998-09-06,22,Francia,1.7,Lateral derecho,67,"2,22",1,6,0,0,3.889'
París Saint-Germain FC,Danilo Pereira,24,1991-09-09,29,Portugal,1.88,Pivote,362,"1,83",29,11,0,0,28.819'
París Saint-Germain FC,Leandro Paredes,20,1994-06-29,26,Argentina,1.8,Pivote,263,"1,89",22,26,0,0,17.279'
París Saint-Germain FC,Idrissa Gueye,18,1989-09-26,31,Senegal,1.74,Pivote,390,"1,63",14,15,0,0,29.690'
París Saint-Germain FC,Marco Verratti,60,1992-11-05,28,Italia,1.65,Mediocentro,420,"2,23",11,69,0,0,29.098'
París Saint-Germain FC,Rafinha,15,1993-02-12,28,Brasil,1.74,Mediocentro,280,"1,77",41,34,0,0,18.331'
París Saint-Germain FC,Ander Herrera,15,1989-08-14,31,España,1.82,Mediocentro,457,"1,81",39,51,0,0,31.221'
París Saint-Germain FC,Kays Ruiz-Atil,3,2002-08-26,18,Francia,1.73,Mediocentro,19,"1,79",1,3,0,0,973'
París Saint-Germain FC,Xavi Simons,0.5,2003-04-21,17,Países Bajos,1.68,Mediocentro,7,"1,29",2,0,0,0,379'
París Saint-Germain FC,Julian Draxler,20,1993-09-20,27,Alemania,1.87,Mediocentro ofensivo,437,"1,91",87,84,0,0,27.789'
París Saint-Germain FC,Édouard Michut,0.5,2003-03-04,18,Francia,1.78,Mediocentro ofensivo,3,"3,00",0,0,0,0,63'
París Saint-Germain FC,Neymar,128,1992-02-05,29,Brasil,1.75,Extremo izquierdo,425,"2,12",258,158,0,0,34.699'
París Saint-Germain FC,Ángel Di María,28,1988-02-14,33,Argentina,1.8,Extremo derecho,632,"2,16",149,228,0,0,42.736'
París Saint-Germain FC,Pablo Sarabia,25,1992-05-11,28,España,1.74,Extremo derecho,415,"1,60",93,74,0,0,26.677'
París Saint-Germain FC,Kylian Mbappé,180,1998-12-20,22,Francia,1.78,Delantero centro,224,"2,28",150,77,0,0,15.960'
París Saint-Germain FC,Mauro Icardi,55,1993-02-19,28,Argentina,1.81,Delantero centro,344,"1,72",192,42,0,0,25.918'
París Saint-Germain FC,Moise Kean,30,2000-02-28,21,Italia,1.83,Delantero centro,169,"1,73",74,8,0,0,9.171'
Bayern Múnich,Manuel Neuer,18,1986-03-27,35,Alemania,1.93,Portero,684,"2,19",0,0,563,318,61.800'
Bayern Múnich,Alexander Nübel,6.5,1996-09-30,24,Alemania,1.93,Portero,113,"1,29",0,0,166,30,9.829'
Bayern Múnich,Ron-Thorben Hoffmann,0.6,1999-04-04,22,Alemania,1.92,Portero,120,"1,87",0,0,149,38,10.710'
Bayern Múnich,David Alaba,55,1992-06-24,28,Austria,1.8,Defensa central,503,"2,27",43,63,0,0,41.068'
Bayern Múnich,Niklas Süle,37,1995-09-03,25,Alemania,1.95,Defensa central,298,"1,86",18,8,0,0,24.079'
Bayern Múnich,Tanguy Nianzou,11,2002-06-07,18,Francia,1.87,Defensa central,22,"2,50",3,3,0,0,1.646'
Bayern Múnich,Jérôme Boateng,10,1988-09-03,32,Alemania,1.9,Defensa central,544,"2,18",16,34,0,0,42.827'
Bayern Múnich,Bright Arrey-Mbi,1,2003-03-26,18,Alemania,1.87,Defensa central,47,"1,45",3,0,0,0,3.886'
Bayern Múnich,Alphonso Davies,75,2000-11-02,20,Canadá,1.83,Lateral izquierdo,176,"1,94",19,27,0,0,11.509'
Bayern Múnich,Lucas Hernández,45,1996-02-14,25,Francia,1.84,Lateral izquierdo,201,"2,18",4,10,0,0,14.760'
Bayern Múnich,Benjamin Pavard,35,1996-03-28,25,Francia,1.86,Lateral derecho,188,"1,86",7,10,0,0,15.464'
Bayern Múnich,Bouna Sarr,5.5,1992-01-31,29,Francia,1.77,Lateral derecho,297,"1,61",16,23,0,0,17.593'
Bayern Múnich,Joshua Kimmich,90,1995-02-08,26,Alemania,1.77,Pivote,366,"2,32",40,86,0,0,28.025'
Bayern Múnich,Marc Roca,12,1996-11-26,24,España,1.84,Pivote,182,"1,46",9,6,0,0,13.519'
Bayern Múnich,Javi Martínez,6.5,1988-09-02,32,España,1.89,Pivote,513,"1,96",39,17,0,0,37.830'
Bayern Múnich,Leon Goretzka,70,1995-02-06,26,Alemania,1.89,Mediocentro,337,"1,91",76,56,0,0,24.432'
Bayern Múnich,Corentin Tolisso,20,1994-08-03,26,Francia,1.81,Mediocentro,254,"2,00",47,29,0,0,17.870'
Bayern Múnich,Tiago Dantas,4,2000-12-24,20,Portugal,1.7,Mediocentro,75,"1,44",11,8,0,0,5.032'
Bayern Múnich,Jamal Musiala,24,2003-02-26,18,Alemania,1.8,Mediocentro ofensivo,64,"2,36",12,3,0,0,2.955'
Bayern Múnich,Kingsley Coman,65,1996-06-13,24,Francia,1.8,Extremo izquierdo,223,"2,35",41,50,0,0,13.024'
Bayern Múnich,Douglas Costa,12,1990-09-14,30,Brasil,1.72,Extremo izquierdo,432,"2,25",65,97,0,0,24.538'
Bayern Múnich,Serge Gnabry,70,1995-07-14,25,Alemania,1.76,Extremo derecho,253,"2,07",87,50,0,0,16.820'
Bayern Múnich,Leroy Sané,70,1996-01-11,25,Alemania,1.83,Extremo derecho,311,"2,14",80,84,0,0,19.650'
Bayern Múnich,Thomas Müller,35,1989-09-13,31,Alemania,1.85,Mediapunta,660,"2,30",254,216,0,0,49.836'
Bayern Múnich,Robert Lewandowski,60,1988-08-21,32,Polonia,1.85,Delantero centro,626,"2,15",453,127,0,0,51.327'
Bayern Múnich,Eric Maxim Choupo-Moting,3.5,1989-03-23,32,Camerún,1.91,Delantero centro,410,"1,55",79,37,0,0,24.147'
FC Barcelona,Marc-André ter Stegen,75,1992-04-30,28,Alemania,1.87,Portero,468,"2,07",0,0,446,189,42.049'
FC Barcelona,Neto,10,1989-07-19,31,Brasil,1.9,Portero,255,"1,77",0,0,264,90,22.958'
FC Barcelona,Iñaki Peña,2.5,1999-03-02,22,España,1.84,Portero,60,"1,87",0,0,50,26,5.430'
FC Barcelona,Ronald Araújo,25,1999-03-07,22,Uruguay,1.88,Defensa central,119,"1,70",13,6,0,0,9.585'
FC Barcelona,Clément Lenglet,25,1995-06-17,25,Francia,1.86,Defensa central,281,"1,92",13,5,0,0,23.253'
FC Barcelona,Gerard Piqué,12,1987-02-02,34,España,1.94,Defensa central,609,"2,26",55,14,0,0,51.003'
FC Barcelona,Samuel Umtiti,10,1993-11-14,27,Francia,1.82,Defensa central,299,"2,00",7,4,0,0,25.400'
FC Barcelona,Óscar Mingueza,10,1999-05-13,21,España,1.84,Defensa central,85,"2,07",1,6,0,0,6.076'
FC Barcelona,Jordi Alba,25,1989-03-21,32,España,1.7,Lateral izquierdo,520,"2,08",32,86,0,0,40.662'
FC Barcelona,Júnior Firpo,10,1996-08-22,24,España,1.84,Lateral izquierdo,127,"1,73",9,10,0,0,9.237'
FC Barcelona,Sergiño Dest,25,2000-11-03,20,Estados Unidos,1.75,Lateral derecho,145,"2,01",11,17,0,0,10.659'
FC Barcelona,Sergi Roberto,25,1992-02-07,29,España,1.78,Lateral derecho,402,"2,10",17,38,0,0,27.864'
FC Barcelona,Moussa Wagué,4,1998-10-04,22,Senegal,1.77,Lateral derecho,86,"1,20",3,10,0,0,6.048'
FC Barcelona,Sergio Busquets,10,1988-07-16,32,España,1.89,Pivote,621,"2,33",15,39,0,0,48.363'
FC Barcelona,Matheus Fernandes,2,1998-06-30,22,Brasil,1.83,Pivote,91,"1,52",3,4,0,0,5.919'
FC Barcelona,Frenkie de Jong,80,1997-05-12,23,Países Bajos,1.8,Mediocentro,251,"1,98",28,36,0,0,19.678'
FC Barcelona,Miralem Pjanić,28,1990-04-02,31,Bosnia y Herzegovina,1.78,Mediocentro,550,"1,89",73,108,0,0,38.114'
FC Barcelona,Riqui Puig,18,1999-08-13,21,España,1.69,Mediocentro,102,"1,83",6,16,0,0,6.489'
FC Barcelona,Ilaix Moriba,10,2003-01-19,18,España,1.85,Mediocentro,39,"1,95",4,6,0,0,2.195'
FC Barcelona,Pedri,70,2002-11-25,18,España,1.74,Mediocentro ofensivo,80,"1,86",7,13,0,0,5.784'
FC Barcelona,Philippe Coutinho,40,1992-06-12,28,Brasil,1.72,Mediocentro ofensivo,411,"1,89",99,75,0,0,27.132'
FC Barcelona,Ansu Fati,80,2002-10-31,18,España,1.78,Extremo izquierdo,52,"1,88",17,8,0,0,2.547'
FC Barcelona,Konrad de la Fuente,2.5,2001-07-16,19,Estados Unidos,1.76,Extremo izquierdo,40,"1,83",9,6,0,0,2.902'
FC Barcelona,Lionel Messi,80,1987-06-24,33,Argentina,1.7,Extremo derecho,769,"2,28",663,291,0,0,62.697'
FC Barcelona,Ousmane Dembélé,50,1997-05-15,23,Francia,1.78,Extremo derecho,189,"2,03",51,47,0,0,12.074'
FC Barcelona,Trincão,25,1999-12-29,21,Portugal,1.84,Extremo derecho,131,"1,63",18,21,0,0,6.088'
FC Barcelona,Antoine Griezmann,60,1991-03-21,30,Francia,1.76,Mediapunta,548,"1,82",214,83,0,0,41.919'
FC Barcelona,Martin Braithwaite,9,1991-06-05,29,Dinamarca,1.77,Delantero centro,396,"1,44",93,42,0,0,27.698'
Chelsea FC,Edouard Mendy,25,1992-03-01,29,Senegal,1.96,Portero,160,"1,76",0,0,154,71,14.320'
Chelsea FC,Kepa,13,1994-10-03,26,España,1.86,Portero,268,"1,64",0,0,294,90,24.124'
Chelsea FC,Willy Caballero,0.3,1981-09-28,39,Argentina,1.86,Portero,381,"1,55",0,0,440,134,33.710'
Chelsea FC,Kurt Zouma,32,1994-10-27,26,Francia,1.9,Defensa central,294,"1,66",16,9,0,0,22.808'
Chelsea FC,Andreas Christensen,28,1996-04-10,24,Dinamarca,1.88,Defensa central,266,"1,82",11,9,0,0,22.604'
Chelsea FC,Antonio Rüdiger,25,1993-03-03,28,Alemania,1.9,Defensa central,359,"1,70",18,8,0,0,29.648'
Chelsea FC,Thiago Silva,3.5,1984-09-22,36,Brasil,1.83,Defensa central,536,"2,11",34,11,0,0,46.440'
Chelsea FC,Ben Chilwell,50,1996-12-21,24,Inglaterra,1.78,Lateral izquierdo,192,"1,48",8,22,0,0,15.749'
Chelsea FC,Emerson,15,1994-08-03,26,Italia,1.81,Lateral izquierdo,144,"1,94",5,9,0,0,9.455'
Chelsea FC,Marcos Alonso,13,1990-12-28,30,España,1.88,Lateral izquierdo,363,"1,79",36,28,0,0,30.229'
Chelsea FC,Reece James,40,1999-12-08,21,Inglaterra,1.82,Lateral derecho,194,"1,80",12,25,0,0,15.208'
Chelsea FC,César Azpilicueta,17,1989-08-28,31,España,1.78,Lateral derecho,589,"1,79",16,60,0,0,50.567'
Chelsea FC,Jorginho,45,1991-12-20,29,Italia,1.8,Pivote,399,"1,97",34,25,0,0,31.674'
Chelsea FC,N'Golo Kanté,55,1991-03-29,30,Francia,1.68,Mediocentro,366,"1,80",21,23,0,0,29.838'
Chelsea FC,Mateo Kovacic,45,1994-05-06,26,Croacia,1.77,Mediocentro,405,"1,90",20,37,0,0,24.380'
Chelsea FC,Billy Gilmour,7,2001-06-11,19,Escocia,1.7,Mediocentro,98,"2,08",20,14,0,0,7.233'
Chelsea FC,Kai Havertz,70,1999-06-11,21,Alemania,1.89,Mediocentro ofensivo,248,"1,87",79,42,0,0,18.140'
Chelsea FC,Mason Mount,60,1999-01-10,22,Inglaterra,1.78,Mediocentro ofensivo,222,"1,73",46,37,0,0,17.058'
Chelsea FC,Charly Musonda Jr.,1,1996-10-15,24,Bélgica,1.73,,0,0,0,0,0,0,0
Chelsea FC,Callum Hudson-Odoi,35,2000-11-07,20,Inglaterra,1.77,Extremo izquierdo,154,"2,08",44,33,0,0,9.334'
Chelsea FC,Christian Pulisic,50,1998-09-18,22,Estados Unidos,1.72,Extremo derecho,215,"1,93",47,51,0,0,13.487'
Chelsea FC,Hakim Ziyech,40,1993-03-19,28,Marruecos,1.81,Extremo derecho,369,"1,80",115,128,0,0,29.853'
Chelsea FC,Timo Werner,65,1996-03-06,25,Alemania,1.81,Delantero centro,364,"1,65",177,74,0,0,25.648'
Chelsea FC,Tammy Abraham,40,1997-10-02,23,Inglaterra,1.9,Delantero centro,264,"1,63",125,32,0,0,18.121'
Chelsea FC,Olivier Giroud,5,1986-09-30,34,Francia,1.93,Delantero centro,543,"1,81",221,81,0,0,35.277'
Atlético de Madrid,Jan Oblak,90,1993-01-07,28,Eslovenia,1.88,Portero,405,"1,87",0,0,314,199,36.500'
Atlético de Madrid,Ivo Grbic,7,1996-01-18,25,Croacia,1.95,Portero,103,"1,58",0,0,107,31,9.224'
Atlético de Madrid,José María Giménez,60,1995-01-20,26,Uruguay,1.85,Defensa central,228,"2,01",9,8,0,0,18.252'
Atlético de Madrid,Mario Hermoso,35,1995-06-18,25,España,1.85,Defensa central,184,"1,60",7,7,0,0,15.627'
Atlético de Madrid,Stefan Savic,25,1991-01-08,30,Montenegro,1.87,Defensa central,377,"1,89",9,7,0,0,31.691'
Atlético de Madrid,Felipe,15,1989-05-16,31,Brasil,1.9,Defensa central,311,"1,99",17,9,0,0,26.548'
Atlético de Madrid,Renan Lodi,30,1998-04-08,23,Brasil,1.78,Lateral izquierdo,119,"1,73",5,13,0,0,8.839'
Atlético de Madrid,Kieran Trippier,20,1990-09-19,30,Inglaterra,1.73,Lateral derecho,415,"1,61",10,78,0,0,35.499'
Atlético de Madrid,Sime Vrsaljko,8,1992-01-10,29,Croacia,1.81,Lateral derecho,278,"1,88",3,36,0,0,22.217'
Atlético de Madrid,Lucas Torreira,22,1996-02-11,25,Uruguay,1.66,Pivote,250,"1,68",18,9,0,0,17.023'
Atlético de Madrid,Marcos Llorente,70,1995-01-30,26,España,1.84,Mediocentro,220,"1,87",20,22,0,0,15.944'
Atlético de Madrid,Koke,60,1992-01-08,29,España,1.76,Mediocentro,559,"1,93",53,105,0,0,43.660'
Atlético de Madrid,Saúl Ñíguez,55,1994-11-21,26,España,1.84,Mediocentro,435,"1,81",53,19,0,0,32.570'
Atlético de Madrid,Geoffrey Kondogbia,15,1993-02-15,28,República Centroafricana,1.88,Mediocentro,323,"1,62",14,17,0,0,22.692'
Atlético de Madrid,Héctor Herrera,8,1990-04-19,30,México,1.8,Mediocentro,353,"1,96",38,40,0,0,25.415'
Atlético de Madrid,Thomas Lemar,25,1995-11-12,25,Francia,1.71,Mediocentro ofensivo,267,"1,91",28,50,0,0,15.580'
Atlético de Madrid,Yannick Carrasco,35,1993-09-04,27,Bélgica,1.81,Extremo izquierdo,321,"1,89",71,67,0,0,21.515'
Atlético de Madrid,Vitolo,8,1989-11-02,31,España,1.85,Extremo izquierdo,397,"1,64",66,59,0,0,27.178'
Atlético de Madrid,Ángel Correa,40,1995-03-09,26,Argentina,1.71,Extremo derecho,329,"1,93",53,62,0,0,18.623'
Atlético de Madrid,João Félix,80,1999-11-10,21,Portugal,1.8,Mediapunta,156,"1,86",53,25,0,0,10.467'
Atlético de Madrid,Moussa Dembélé,25,1996-07-12,24,Francia,1.83,Delantero centro,286,"1,73",127,41,0,0,18.590'
Atlético de Madrid,Luis Suárez,15,1987-01-24,34,Uruguay,1.82,Delantero centro,648,"2,06",422,236,0,0,54.076'
Real Madrid CF,Thibaut Courtois,75,1992-05-11,28,Bélgica,1.99,Portero,470,"2,01",0,0,442,194,42.251'
Real Madrid CF,Andriy Lunin,3,1999-02-11,22,Ucrania,1.91,Portero,91,"1,40",0,0,107,30,8.224'
Real Madrid CF,Raphaël Varane,70,1993-04-25,27,Francia,1.91,Defensa central,379,"2,10",19,7,0,0,31.539'
Real Madrid CF,Éder Militão,30,1998-01-18,23,Brasil,1.86,Defensa central,113,"2,00",9,5,0,0,9.339'
Real Madrid CF,Sergio Ramos,14,1986-03-30,35,España,1.84,Defensa central,715,"2,10",104,40,0,0,62.146'
Real Madrid CF,Nacho Fernández,10,1990-01-18,31,España,1.8,Defensa central,333,"2,14",15,8,0,0,26.254'
Real Madrid CF,Ferland Mendy,50,1995-06-08,25,Francia,1.8,Lateral izquierdo,196,"1,88",8,17,0,0,15.801'
Real Madrid CF,Marcelo,10,1988-05-12,32,Brasil,1.74,Lateral izquierdo,531,"2,18",41,101,0,0,42.962'
Real Madrid CF,Daniel Carvajal,40,1992-01-11,29,España,1.73,Lateral derecho,395,"2,15",10,67,0,0,33.022'
Real Madrid CF,Álvaro Odriozola,10,1995-12-14,25,España,1.76,Lateral derecho,187,"1,42",6,26,0,0,13.918'
Real Madrid CF,Casemiro,70,1992-02-23,29,Brasil,1.85,Pivote,397,"2,11",40,33,0,0,29.232'
Real Madrid CF,Federico Valverde,70,1998-07-22,22,Uruguay,1.82,Mediocentro,169,"1,78",8,10,0,0,10.276'
Real Madrid CF,Toni Kroos,50,1990-01-04,31,Alemania,1.83,Mediocentro,603,"2,14",66,145,0,0,46.373'
Real Madrid CF,Luka Modric,10,1985-09-09,35,Croacia,1.72,Mediocentro,614,"2,04",65,109,0,0,47.876'
Real Madrid CF,Isco,20,1992-04-21,28,España,1.76,Mediocentro ofensivo,443,"2,05",71,66,0,0,27.478'
Real Madrid CF,Eden Hazard,40,1991-01-07,30,Bélgica,1.75,Extremo izquierdo,583,"1,90",164,152,0,0,42.984'
Real Madrid CF,Vinícius Júnior,40,2000-07-12,20,Brasil,1.76,Extremo izquierdo,160,"1,89",28,27,0,0,8.177'
Real Madrid CF,Rodrygo,45,2001-01-09,20,Brasil,1.74,Extremo derecho,101,"1,79",20,15,0,0,6.162'
Real Madrid CF,Marco Asensio,35,1996-01-21,25,España,1.82,Extremo derecho,274,"1,74",47,46,0,0,16.732'
Real Madrid CF,Lucas Vázquez,15,1991-07-01,29,España,1.73,Extremo derecho,370,"1,96",45,73,0,0,21.373'
Real Madrid CF,Sergio Arribas,1,2001-09-30,19,España,1.73,Extremo derecho,33,"2,15",5,6,0,0,1.762'
Real Madrid CF,Karim Benzema,25,1987-12-19,33,Francia,1.84,Delantero centro,695,"2,18",339,167,0,0,48.741'
Real Madrid CF,Mariano Díaz,10,1993-08-01,27,República Dominicana,1.8,Delantero centro,197,"1,80",83,11,0,0,10.115'
Real Madrid CF,Hugo Duro,2.5,1999-11-10,21,España,1.82,Delantero centro,75,"1,39",23,4,0,0,4.445'
Manchester United,David de Gea,22,1990-11-07,30,España,1.92,Portero,553,"1,75",0,0,604,186,49.785'
Manchester United,Dean Henderson,20,1997-03-12,24,Inglaterra,1.88,Portero,170,"1,78",0,0,150,73,15.306'
Manchester United,Sergio Romero,1.5,1987-02-22,34,Argentina,1.92,,0,0,0,0,0,0,0
Manchester United,Nathan Bishop,0.3,1999-10-15,21,Inglaterra,1.85,Portero,40,"0,80",0,0,83,5,3.554'
Manchester United,Lee Grant,0.25,1983-01-27,38,Inglaterra,1.93,Portero,511,"1,33",0,0,671,133,45.799'
Manchester United,Harry Maguire,40,1993-03-05,28,Inglaterra,1.94,Defensa central,435,"1,62",26,23,0,0,37.922'
Manchester United,Victor Lindelöf,24,1994-07-17,26,Suecia,1.87,Defensa central,360,"1,81",8,8,0,0,30.801'
Manchester United,Eric Bailly,15,1994-04-12,26,Costa de Marfil,1.87,Defensa central,175,"1,90",2,2,0,0,13.680'
Manchester United,Axel Tuanzebe,8,1997-11-14,23,Inglaterra,1.86,Defensa central,106,"1,69",2,1,0,0,7.754'
Manchester United,Phil Jones,5,1992-02-21,29,Inglaterra,1.85,,0,0,0,0,0,0,0
Manchester United,Alex Telles,28,1992-12-15,28,Brasil,1.81,Lateral izquierdo,334,"2,07",29,69,0,0,28.502'
Manchester United,Luke Shaw,25,1995-07-12,25,Inglaterra,1.85,Lateral izquierdo,251,"1,72",3,21,0,0,19.642'
Manchester United,Brandon Williams,10,2000-09-03,20,Inglaterra,1.72,Lateral izquierdo,104,"2,06",4,17,0,0,7.222'
Manchester United,Aaron Wan-Bissaka,40,1997-11-26,23,Inglaterra,1.83,Lateral derecho,135,"1,70",2,11,0,0,11.890'
Manchester United,Nemanja Matic,10,1988-08-01,32,Serbia,1.94,Pivote,496,"1,89",26,32,0,0,38.637'
Manchester United,Paul Pogba,60,1993-03-15,28,Francia,1.91,Mediocentro,396,"2,08",74,84,0,0,30.854'
Manchester United,Donny van de Beek,35,1997-04-18,23,Países Bajos,1.84,Mediocentro,286,"2,05",67,56,0,0,20.204'
Manchester United,Scott McTominay,30,1996-12-08,24,Escocia,1.91,Mediocentro,154,"1,84",17,2,0,0,9.916'
Manchester United,Fred,22,1993-03-05,28,Brasil,1.69,Mediocentro,299,"2,01",25,28,0,0,22.414'
Manchester United,Ethan Galbraith,0.9,2001-05-11,19,Irlanda del Norte,1.75,Mediocentro,71,"1,89",9,8,0,0,5.502'
Manchester United,Hannibal Mejbri,0,2003-01-21,18,Francia,1.82,Mediocentro,39,"1,56",5,13,0,0,2.994'
Manchester United,Bruno Fernandes,90,1994-09-08,26,Portugal,1.79,Mediocentro ofensivo,369,"1,73",123,92,0,0,27.334'
Manchester United,Juan Mata,6,1988-04-28,32,España,1.7,Mediocentro ofensivo,614,"1,82",137,157,0,0,42.985'
Manchester United,Marcus Rashford,85,1997-10-31,23,Inglaterra,1.85,Extremo izquierdo,274,"1,92",91,52,0,0,18.095'
Manchester United,Daniel James,18,1997-11-10,23,Gales,1.7,Extremo izquierdo,157,"1,84",23,30,0,0,11.046'
Manchester United,Anthony Elanga,0,2002-04-27,18,Suecia,1.78,Extremo izquierdo,55,"1,76",18,12,0,0,4.138'
Manchester United,Mason Greenwood,50,2001-10-01,19,Inglaterra,1.81,Extremo derecho,140,"1,91",67,21,0,0,8.775'
Manchester United,Amad Diallo,15,2002-07-11,18,Costa de Marfil,1.73,Extremo derecho,104,"2,19",42,27,0,0,6.851'
Manchester United,Anthony Martial,50,1995-12-05,25,Francia,1.81,Delantero centro,332,"1,86",93,57,0,0,21.155'
Manchester United,Edinson Cavani,7,1987-02-14,34,Uruguay,1.84,Delantero centro,583,"2,00",348,67,0,0,44.357'
Tottenham Hotspur,Hugo Lloris,9,1986-12-26,34,Francia,1.88,Portero,644,"1,76",0,0,689,220,57.944'
Tottenham Hotspur,Joe Hart,2,1987-04-19,33,Inglaterra,1.96,Portero,548,"1,67",0,0,633,187,49.282'
Tottenham Hotspur,Alfie Whiteman,0.8,1998-10-02,22,Inglaterra,1.88,Portero,45,"1,18",0,0,89,6,3.889'
Tottenham Hotspur,Davinson Sánchez,35,1996-06-12,24,Colombia,1.87,Defensa central,229,"1,94",11,3,0,0,19.292'
Tottenham Hotspur,Eric Dier,25,1994-01-15,27,Inglaterra,1.88,Defensa central,333,"1,87",14,16,0,0,26.891'
Tottenham Hotspur,Toby Alderweireld,15,1989-03-02,32,Bélgica,1.87,Defensa central,464,"1,95",27,17,0,0,40.114'
Tottenham Hotspur,Joe Rodon,10,1997-10-22,23,Gales,1.93,Defensa central,137,"1,71",0,1,0,0,10.925'
Tottenham Hotspur,Japhet Tanganga,8,1999-03-31,22,Inglaterra,1.84,Defensa central,100,"1,34",6,3,0,0,8.198'
Tottenham Hotspur,Sergio Reguilón,25,1996-12-16,24,España,1.78,Lateral izquierdo,182,"1,80",12,18,0,0,13.895'
Tottenham Hotspur,Ben Davies,16,1993-04-24,27,Gales,1.81,Lateral izquierdo,323,"1,71",8,24,0,0,25.366'
Tottenham Hotspur,Danny Rose,4,1990-07-02,30,Inglaterra,1.73,,291,"1,58",11,35,0,0,21.922'
Tottenham Hotspur,Serge Aurier,20,1992-12-24,28,Costa de Marfil,1.76,Lateral derecho,320,"1,73",21,43,0,0,26.501'
Tottenham Hotspur,Matt Doherty,18,1992-01-16,29,Irlanda,1.85,Lateral derecho,401,"1,56",37,52,0,0,32.964'
Tottenham Hotspur,Harry Winks,22,1996-02-02,25,Inglaterra,1.78,Pivote,199,"1,85",7,4,0,0,12.926'
Tottenham Hotspur,Tanguy Ndombélé,50,1996-12-28,24,Francia,1.81,Mediocentro,199,"1,74",14,31,0,0,13.401'
Tottenham Hotspur,Pierre-Emile Höjbjerg,35,1995-08-05,25,Dinamarca,1.85,Mediocentro,300,"1,63",20,18,0,0,21.602'
Tottenham Hotspur,Giovani Lo Celso,30,1996-04-09,24,Argentina,1.77,Mediocentro,203,"1,80",32,30,0,0,12.014'
Tottenham Hotspur,Moussa Sissoko,13,1989-08-16,31,Francia,1.87,Mediocentro,551,"1,53",41,50,0,0,40.665'
Tottenham Hotspur,Dele Alli,32,1996-04-11,24,Inglaterra,1.88,Mediocentro ofensivo,332,"1,83",89,74,0,0,24.239'
Tottenham Hotspur,Heung-min Son,85,1992-07-08,28,Corea del Sur,1.84,Extremo izquierdo,469,"1,74",168,77,0,0,31.468'
Tottenham Hotspur,Steven Bergwijn,25,1997-10-08,23,Países Bajos,1.78,Extremo izquierdo,242,"1,90",52,55,0,0,15.788'
Tottenham Hotspur,Lucas Moura,25,1992-08-13,28,Brasil,1.72,Extremo derecho,466,"2,02",100,85,0,0,29.689'
Tottenham Hotspur,Gareth Bale,20,1989-07-16,31,Gales,1.85,Extremo derecho,525,"1,87",176,141,0,0,39.736'
Tottenham Hotspur,Erik Lamela,16,1992-03-04,29,Argentina,1.84,Extremo derecho,356,"1,71",62,66,0,0,21.493'
Tottenham Hotspur,Harry Kane,120,1993-07-28,27,Inglaterra,1.88,Delantero centro,407,"1,81",244,62,0,0,30.443'
Tottenham Hotspur,Carlos Vinícius,20,1995-03-25,26,Brasil,1.9,Delantero centro,145,"1,54",70,25,0,0,8.972'
Juventus de Turín,Wojciech Szczesny,35,1990-04-18,30,Polonia,1.96,Portero,426,"1,98",0,0,441,160,38.075'
Juventus de Turín,Gianluigi Buffon,1,1978-01-28,43,Italia,1.92,Portero,927,"2,02",0,0,771,416,83.012'
Juventus de Turín,Carlo Pinsoglio,0.4,1990-03-16,31,Italia,1.94,Portero,281,"1,38",0,0,310,90,24.992'
Juventus de Turín,Matthijs de Ligt,75,1999-08-12,21,Países Bajos,1.89,Defensa central,244,"2,16",25,9,0,0,20.664'
Juventus de Turín,Merih Demiral,30,1998-03-05,23,Turquía,1.9,Defensa central,96,"1,48",4,2,0,0,7.942'
Juventus de Turín,Leonardo Bonucci,10,1987-05-01,33,Italia,1.9,Defensa central,592,"1,96",38,12,0,0,50.673'
Juventus de Turín,Radu Drăgușin,3,2002-02-03,19,Rumania,1.91,Defensa central,56,"1,89",6,1,0,0,4.714'
Juventus de Turín,Giorgio Chiellini,2,1984-08-14,36,Italia,1.87,Defensa central,632,"2,03",43,26,0,0,52.451'
Juventus de Turín,Alex Sandro,28,1991-01-26,30,Brasil,1.81,Lateral izquierdo,418,"2,11",15,47,0,0,32.385'
Juventus de Turín,Gianluca Frabotta,2.5,1999-06-24,21,Italia,1.87,Lateral izquierdo,161,"1,50",5,5,0,0,11.972'
Juventus de Turín,Danilo,20,1991-07-15,29,Brasil,1.84,Lateral derecho,398,"2,15",32,35,0,0,31.610'
Juventus de Turín,Juan Cuadrado,18,1988-05-26,32,Colombia,1.76,Lateral derecho,392,"1,89",46,74,0,0,27.464'
Juventus de Turín,Arthur,50,1996-08-12,24,Brasil,1.72,Mediocentro,149,"2,19",7,9,0,0,9.472'
Juventus de Turín,Rodrigo Bentancur,40,1997-06-25,23,Uruguay,1.87,Mediocentro,203,"1,98",4,18,0,0,12.848'
Juventus de Turín,Adrien Rabiot,32,1995-04-03,26,Francia,1.88,Mediocentro,314,"2,35",29,20,0,0,21.079'
Juventus de Turín,Weston McKennie,25,1998-08-28,22,Estados Unidos,1.77,Mediocentro,148,"1,70",14,13,0,0,9.697'
Juventus de Turín,Aaron Ramsey,20,1990-12-26,30,Gales,1.82,Mediocentro,465,"2,01",73,74,0,0,28.985'
Juventus de Turín,Nicolò Fagioli,1.2,2001-02-12,20,Italia,1.78,Mediocentro ofensivo,115,"1,57",26,17,0,0,8.046'
Juventus de Turín,Cristiano Ronaldo,50,1985-02-05,36,Portugal,1.87,Extremo izquierdo,886,"2,21",670,227,0,0,72.345'
Juventus de Turín,Federico Chiesa,60,1997-10-25,23,Italia,1.8,Extremo derecho,229,"1,62",57,39,0,0,17.020'
Juventus de Turín,Dejan Kulusevski,45,2000-04-25,20,Suecia,1.86,Extremo derecho,160,"1,93",49,39,0,0,11.875'
Juventus de Turín,Federico Bernardeschi,20,1994-02-16,27,Italia,1.83,Extremo derecho,314,"1,97",68,37,0,0,18.041'
Juventus de Turín,Paulo Dybala,60,1993-11-15,27,Argentina,1.77,Mediapunta,353,"2,01",128,56,0,0,24.030'
Juventus de Turín,Álvaro Morata,50,1992-10-23,28,España,1.87,Delantero centro,440,"2,12",164,65,0,0,25.280'
Inter de Milán,Ionut Radu,7,1997-05-28,23,Rumania,1.88,Portero,135,"1,50",0,0,162,39,12.228'
Inter de Milán,Samir Handanovic,2.5,1984-07-14,36,Eslovenia,1.93,Portero,645,"1,67",0,0,718,224,58.022'
Inter de Milán,Daniele Padelli,0.4,1985-10-25,35,Italia,1.91,Portero,202,"1,36",0,0,253,53,17.899'
Inter de Milán,Filip Stankovic,0.4,2002-02-25,19,Serbia,1.87,Portero,48,"2,02",0,0,48,19,4.275'
Inter de Milán,Stefan de Vrij,55,1992-02-05,29,Países Bajos,1.89,Defensa central,392,"1,87",23,14,0,0,32.939'
Inter de Milán,Milan Skriniar,55,1995-02-11,26,Eslovaquia,1.88,Defensa central,300,"1,77",20,6,0,0,25.494'
Inter de Milán,Alessandro Bastoni,55,1999-04-13,21,Italia,1.9,Defensa central,155,"1,95",15,5,0,0,12.361'
Inter de Milán,Andrea Ranocchia,1.5,1988-02-16,33,Italia,1.95,Defensa central,355,"1,65",21,8,0,0,28.451'
Inter de Milán,Aleksandar Kolarov,2.5,1985-11-10,35,Serbia,1.87,Lateral izquierdo,504,"1,78",52,68,0,0,38.811'
Inter de Milán,Danilo D'Ambrosio,8,1988-09-09,32,Italia,1.8,Lateral derecho,396,"1,63",32,25,0,0,29.664'
Inter de Milán,Matteo Darmian,7,1989-12-02,31,Italia,1.83,Lateral derecho,393,"1,63",12,19,0,0,30.075'
Inter de Milán,Marcelo Brozovic,40,1992-11-16,28,Croacia,1.81,Pivote,385,"1,78",43,50,0,0,29.962'
Inter de Milán,Nicolò Barella,60,1997-02-07,24,Italia,1.72,Mediocentro,249,"1,44",18,25,0,0,19.739'
Inter de Milán,Roberto Gagliardini,15,1994-04-07,27,Italia,1.88,Mediocentro,238,"1,91",20,10,0,0,15.350'
Inter de Milán,Stefano Sensi,13,1995-08-05,25,Italia,1.68,Mediocentro,229,"1,38",29,16,0,0,16.592'
Inter de Milán,Matías Vecino,12,1991-08-24,29,Uruguay,1.87,Mediocentro,287,"1,66",29,22,0,0,19.556'
Inter de Milán,Arturo Vidal,6,1987-05-22,33,Chile,1.8,Mediocentro,583,"2,13",107,76,0,0,41.690'
Inter de Milán,Achraf Hakimi,50,1998-11-04,22,Marruecos,1.81,Interior derecho,170,"1,97",24,34,0,0,13.517'
Inter de Milán,Ashley Young,1,1985-07-09,35,Inglaterra,1.75,Interior izquierdo,615,"1,72",82,120,0,0,46.118'
Inter de Milán,Christian Eriksen,35,1992-02-14,29,Dinamarca,1.82,Mediocentro ofensivo,530,"1,93",111,157,0,0,39.289'
Inter de Milán,Ivan Perisic,10,1989-02-02,32,Croacia,1.87,Extremo izquierdo,494,"1,87",127,99,0,0,33.597'
Inter de Milán,Romelu Lukaku,90,1993-05-13,27,Bélgica,1.91,Delantero centro,511,"1,74",256,83,0,0,38.495'
Inter de Milán,Lautaro Martínez,70,1997-08-22,23,Argentina,1.74,Delantero centro,182,"1,93",74,24,0,0,11.856'
Inter de Milán,Andrea Pinamonti,12,1999-05-19,21,Italia,1.85,Delantero centro,147,"1,65",55,13,0,0,9.642'
Inter de Milán,Alexis Sánchez,10,1988-12-19,32,Chile,1.68,Delantero centro,573,"1,93",169,135,0,0,37.961'
Borussia Dortmund,Roman Bürki,4,1990-11-14,30,Suiza,1.87,Portero,454,"1,70",0,0,569,152,40.908'
Borussia Dortmund,Marwin Hitz,1.7,1987-09-18,33,Suiza,1.94,Portero,315,"1,53",1,0,383,105,28.127'
Borussia Dortmund,Luca Unbehaun,0.35,2001-02-27,20,Alemania,1.85,Portero,113,"1,94",0,0,131,32,9.833'
Borussia Dortmund,Manuel Akanji,25,1995-07-19,25,Suiza,1.87,Defensa central,252,"1,77",11,7,0,0,21.432'
Borussia Dortmund,Dan-Axel Zagadou,18,1999-06-03,21,Francia,1.96,Defensa central,78,"1,99",4,1,0,0,4.978'
Borussia Dortmund,Mats Hummels,15,1988-12-16,32,Alemania,1.91,Defensa central,582,"1,97",52,29,0,0,49.126'
Borussia Dortmund,Raphaël Guerreiro,35,1993-12-22,27,Portugal,1.7,Lateral izquierdo,303,"1,61",38,40,0,0,23.204'
Borussia Dortmund,Nico Schulz,7,1993-04-01,28,Alemania,1.8,Lateral izquierdo,311,"1,60",18,36,0,0,20.744'
Borussia Dortmund,Marcel Schmelzer,0.7,1988-01-22,33,Alemania,1.8,,0,0,0,0,0,0,0
Borussia Dortmund,Thomas Meunier,12,1991-09-12,29,Bélgica,1.91,Lateral derecho,360,"2,09",34,46,0,0,26.561'
Borussia Dortmund,Mateu Morey Bauzà,7,2000-03-02,21,España,1.73,Lateral derecho,41,"1,83",0,5,0,0,2.686'
Borussia Dortmund,Felix Passlack,2.5,1998-05-29,22,Alemania,1.7,Lateral derecho,165,"2,03",49,47,0,0,12.460'
Borussia Dortmund,Lukasz Piszczek,1.3,1985-06-03,35,Polonia,1.84,Lateral derecho,544,"1,80",46,81,0,0,40.218'
Borussia Dortmund,Emre Can,26,1994-01-12,27,Alemania,1.86,Pivote,378,"1,84",34,25,0,0,28.756'
Borussia Dortmund,Thomas Delaney,17.5,1991-09-03,29,Dinamarca,1.82,Pivote,374,"1,93",35,35,0,0,27.095'
Borussia Dortmund,Axel Witsel,12,1989-01-12,32,Bélgica,1.88,Pivote,577,"1,92",89,48,0,0,48.373'
Borussia Dortmund,Jude Bellingham,35,2003-06-29,17,Inglaterra,1.86,Mediocentro,82,"1,33",5,7,0,0,5.189'
Borussia Dortmund,Mahmoud Dahoud,11,1996-01-01,25,Alemania,1.78,Mediocentro,247,"1,83",21,38,0,0,15.898'
Borussia Dortmund,Tobias Raschl,0.9,2000-02-21,21,Alemania,1.77,Mediocentro,113,"2,01",24,24,0,0,8.520'
Borussia Dortmund,Giovanni Reyna,38,2002-11-13,18,Estados Unidos,1.85,Mediocentro ofensivo,70,"1,90",13,16,0,0,3.935'
Borussia Dortmund,Julian Brandt,25,1996-05-02,24,Alemania,1.85,Mediocentro ofensivo,361,"1,81",88,91,0,0,23.301'
Borussia Dortmund,Reinier,18,2002-01-19,19,Brasil,1.85,Mediocentro ofensivo,32,"2,03",9,3,0,0,1.174'
Borussia Dortmund,Marco Reus,15,1989-05-31,31,Alemania,1.8,Mediocentro ofensivo,504,"1,73",205,125,0,0,38.837'
Borussia Dortmund,Thorgan Hazard,32,1993-03-29,28,Bélgica,1.75,Extremo izquierdo,350,"1,67",77,92,0,0,24.597'
Borussia Dortmund,Jadon Sancho,100,2000-03-25,21,Inglaterra,1.8,Extremo derecho,174,"1,92",70,71,0,0,12.758'
Borussia Dortmund,Ansgar Knauff,0.8,2002-01-10,19,Alemania,1.8,Extremo derecho,77,"2,21",19,24,0,0,4.702'
Borussia Dortmund,Erling Haaland,110,2000-07-21,20,Noruega,1.94,Delantero centro,145,"1,86",98,25,0,0,8.847'
Borussia Dortmund,Youssoufa Moukoko,10,2004-11-20,16,Alemania,1.79,Delantero centro,103,"2,22",144,27,0,0,7.478'
Borussia Dortmund,Steffen Tigges,0.7,1998-07-31,22,Alemania,1.93,Delantero centro,182,"1,48",46,28,0,0,10.659'
RasenBallsport Leipzig,Péter Gulácsi,12,1990-05-06,30,Hungría,1.9,Portero,394,"1,89",0,0,444,130,34.932'
RasenBallsport Leipzig,Josep Martínez,2.5,1998-05-27,22,España,1.91,Portero,87,"1,39",0,0,85,33,7.785'
RasenBallsport Leipzig,Philipp Tschauner,0.33,1985-11-03,35,Alemania,1.96,Portero,361,"1,44",1,0,463,104,32.291'
RasenBallsport Leipzig,Dayot Upamecano,60,1998-10-27,22,Francia,1.86,Defensa central,188,"1,72",5,5,0,0,15.333'
RasenBallsport Leipzig,Ibrahima Konaté,35,1999-05-25,21,Francia,1.94,Defensa central,105,"1,78",5,1,0,0,8.164'
RasenBallsport Leipzig,Lukas Klostermann,32,1996-06-03,24,Alemania,1.89,Defensa central,257,"1,84",19,13,0,0,19.997'
RasenBallsport Leipzig,Willi Orban,14,1992-11-03,28,Hungría,1.86,Defensa central,378,"1,80",46,13,0,0,31.190'
RasenBallsport Leipzig,Angeliño,35,1997-01-04,24,España,1.71,Lateral izquierdo,242,"1,67",19,51,0,0,20.490'
RasenBallsport Leipzig,Marcel Halstenberg,17,1991-09-27,29,Alemania,1.88,Lateral izquierdo,399,"1,66",34,30,0,0,33.399'
RasenBallsport Leipzig,Nordi Mukiele,23,1997-11-01,23,Francia,1.87,Lateral derecho,196,"1,69",10,9,0,0,14.837'
RasenBallsport Leipzig,Benjamin Henrichs,12,1997-02-23,24,Alemania,1.83,Lateral derecho,240,"1,54",20,31,0,0,18.258'
RasenBallsport Leipzig,Tyler Adams,20,1999-02-14,22,Estados Unidos,1.76,Pivote,170,"2,00",8,13,0,0,12.982'
RasenBallsport Leipzig,Marcel Sabitzer,42,1994-03-17,27,Austria,1.77,Mediocentro,382,"1,82",99,78,0,0,28.635'
RasenBallsport Leipzig,Konrad Laimer,26,1997-05-27,23,Austria,1.8,,0,0,0,0,0,0,0
RasenBallsport Leipzig,Amadou Haidara,22,1998-01-31,23,Malí,1.75,Mediocentro,188,"2,20",22,27,0,0,11.762'
RasenBallsport Leipzig,Kevin Kampl,14,1990-10-09,30,Eslovenia,1.78,Mediocentro,449,"1,86",57,101,0,0,34.980'
RasenBallsport Leipzig,Dominik Szoboszlai,25,2000-10-25,20,Hungría,1.87,Interior izquierdo,131,"1,98",43,52,0,0,9.327'
RasenBallsport Leipzig,Christopher Nkunku,40,1997-11-14,23,Francia,1.75,Mediocentro ofensivo,174,"2,25",34,34,0,0,9.845'
RasenBallsport Leipzig,Dani Olmo,38,1998-05-07,22,España,1.79,Mediocentro ofensivo,215,"2,04",47,41,0,0,15.289'
RasenBallsport Leipzig,Lazar Samardzic,3,2002-02-24,19,Alemania,1.84,Mediocentro ofensivo,73,"2,12",56,25,0,0,5.079'
RasenBallsport Leipzig,Joscha Wosz,0.4,2002-07-20,18,Alemania,1.73,Mediocentro ofensivo,57,"1,82",23,6,0,0,3.731'
RasenBallsport Leipzig,Emil Forsberg,20,1991-10-23,29,Suecia,1.79,Extremo izquierdo,399,"1,76",96,79,0,0,27.062'
RasenBallsport Leipzig,Justin Kluivert,14,1999-05-05,21,Países Bajos,1.71,Extremo izquierdo,185,"1,99",39,41,0,0,11.425'
RasenBallsport Leipzig,Fabrice Hartmann,0.35,2001-03-02,20,Alemania,1.78,Extremo derecho,108,"2,10",58,12,0,0,6.881'
RasenBallsport Leipzig,Yussuf Poulsen,25,1994-06-15,26,Dinamarca,1.92,Delantero centro,343,"1,79",96,68,0,0,23.976'
RasenBallsport Leipzig,Alexander Sörloth,18,1995-12-05,25,Noruega,1.94,Delantero centro,231,"1,60",79,37,0,0,14.075'
RasenBallsport Leipzig,Hee-chan Hwang,11,1996-01-26,25,Corea del Sur,1.77,Delantero centro,197,"2,09",62,40,0,0,11.154'
RasenBallsport Leipzig,Hugo Novoa,0.2,2003-01-24,18,España,1.82,Delantero centro,25,"2,32",6,9,0,0,1.556'
Arsenal FC,Bernd Leno,25,1992-03-04,29,Alemania,1.9,Portero,506,"1,68",0,0,605,158,45.422'
Arsenal FC,Mathew Ryan,6,1992-04-08,29,Australia,1.84,Portero,367,"1,55",0,0,431,118,33.150'
Arsenal FC,Rúnar Alex Rúnarsson,1.8,1995-02-18,26,Islandia,1.86,Portero,122,"1,29",0,0,203,22,10.742'
Arsenal FC,Dejan Iliev,0.3,1995-02-25,26,Macedonia del Norte,1.95,Portero,72,"1,44",0,0,110,19,6.285'
Arsenal FC,Gabriel,25,1997-12-19,23,Brasil,1.9,Defensa central,113,"1,57",8,1,0,0,9.648'
Arsenal FC,Rob Holding,16,1995-09-20,25,Inglaterra,1.89,Defensa central,172,"1,66",7,3,0,0,14.141'
Arsenal FC,Calum Chambers,12,1995-01-20,26,Inglaterra,1.82,Defensa central,225,"1,53",11,12,0,0,16.832'
Arsenal FC,Pablo Marí,7,1993-08-31,27,España,1.93,Defensa central,292,"1,62",18,2,0,0,25.061'
Arsenal FC,David Luiz,5,1987-04-22,33,Brasil,1.89,Defensa central,539,"2,04",36,26,0,0,45.813'
Arsenal FC,Kieran Tierney,30,1997-06-05,23,Escocia,1.8,Lateral izquierdo,229,"2,04",11,45,0,0,18.880'
Arsenal FC,Héctor Bellerín,25,1995-03-19,26,España,1.78,Lateral derecho,279,"1,81",14,36,0,0,22.645'
Arsenal FC,Cédric Soares,6,1991-08-31,29,Portugal,1.71,Lateral derecho,300,"1,55",6,27,0,0,24.817'
Arsenal FC,Thomas Partey,45,1993-06-13,27,Ghana,1.85,Pivote,312,"1,71",29,16,0,0,21.380'
Arsenal FC,Granit Xhaka,22,1992-09-27,28,Suiza,1.86,Pivote,455,"1,85",36,35,0,0,35.614'
Arsenal FC,Mohamed Elneny,10,1992-07-11,28,Egipto,1.79,Pivote,340,"1,92",18,23,0,0,23.738'
Arsenal FC,Dani Ceballos,30,1996-08-07,24,España,1.79,Mediocentro,234,"1,71",14,15,0,0,14.427'
Arsenal FC,Martin Ødegaard,40,1998-12-17,22,Noruega,1.78,Mediocentro ofensivo,229,"1,54",33,40,0,0,16.742'
Arsenal FC,Emile Smith Rowe,13,2000-07-28,20,Inglaterra,1.82,Mediocentro ofensivo,111,"1,83",28,17,0,0,7.572'
Arsenal FC,Gabriel Martinelli,22,2001-06-18,19,Brasil,1.8,Extremo izquierdo,38,"1,37",10,5,0,0,1.868'
Arsenal FC,Bukayo Saka,60,2001-09-05,19,Inglaterra,1.78,Extremo derecho,129,"1,74",32,35,0,0,9.066'
Arsenal FC,Nicolas Pépé,38,1995-05-29,25,Costa de Marfil,1.83,Extremo derecho,234,"1,56",63,35,0,0,15.133'
Arsenal FC,Willian,12,1988-08-09,32,Brasil,1.75,Extremo derecho,624,"2,05",103,140,0,0,41.984'
Arsenal FC,Reiss Nelson,10,1999-12-10,21,Inglaterra,1.75,Extremo derecho,143,"1,69",36,16,0,0,8.224'
Arsenal FC,Alexandre Lacazette,35,1991-05-28,29,Francia,1.76,Delantero centro,437,"1,71",190,71,0,0,30.993'
Arsenal FC,Pierre-Emerick Aubameyang,35,1989-06-18,31,Gabón,1.87,Delantero centro,554,"1,69",286,86,0,0,42.070'
Arsenal FC,Eddie Nketiah,18,1999-05-30,21,Inglaterra,1.8,Delantero centro,138,"1,86",63,13,0,0,7.364'
SSC Nápoles,Alex Meret,20,1997-03-22,24,Italia,1.9,Portero,159,"1,74",0,0,179,51,14.119'
SSC Nápoles,David Ospina,5,1988-08-31,32,Colombia,1.83,Portero,349,"1,54",0,0,389,122,30.771'
SSC Nápoles,Nikita Contini,0.5,1996-05-21,24,Italia,1.9,Portero,198,"1,45",0,0,248,68,17.648'
SSC Nápoles,Kalidou Koulibaly,50,1991-06-20,29,Senegal,1.87,Defensa central,412,"1,83",15,10,0,0,35.957'
SSC Nápoles,Konstantinos Manolas,28,1991-06-14,29,Grecia,1.89,Defensa central,429,"1,86",24,8,0,0,36.239'
SSC Nápoles,Nikola Maksimovic,12,1991-11-25,29,Serbia,1.93,Defensa central,288,"1,66",6,9,0,0,23.430'
SSC Nápoles,Amir Rrahmani,12,1994-02-24,27,Kosovo,1.92,Defensa central,246,"1,71",9,7,0,0,21.016'
SSC Nápoles,Mário Rui,10,1991-05-27,29,Portugal,1.68,Lateral izquierdo,325,"1,44",6,16,0,0,24.335'
SSC Nápoles,Faouzi Ghoulam,3,1991-02-01,30,Argelia,1.84,Lateral izquierdo,297,"1,81",4,36,0,0,23.156'
SSC Nápoles,Giovanni Di Lorenzo,22,1993-08-04,27,Italia,1.83,Lateral derecho,374,"1,40",17,30,0,0,32.341'
SSC Nápoles,Elseid Hysaj,14,1994-02-02,27,Albania,1.82,Lateral derecho,351,"1,89",3,12,0,0,29.024'
SSC Nápoles,Tiemoué Bakayoko,25,1994-08-17,26,Francia,1.89,Pivote,264,"1,83",12,9,0,0,19.301'
SSC Nápoles,Diego Demme,15,1991-11-21,29,Alemania,1.7,Pivote,421,"1,60",10,25,0,0,31.531'
SSC Nápoles,Stanislav Lobotka,11,1994-11-25,26,Eslovaquia,1.72,Pivote,304,"1,55",6,13,0,0,22.513'
SSC Nápoles,Piotr Zielinski,46,1994-05-20,26,Polonia,1.8,Mediocentro,342,"1,75",45,32,0,0,21.893'
SSC Nápoles,Fabián Ruiz,44,1996-04-03,25,España,1.89,Mediocentro,219,"1,67",20,19,0,0,15.769'
SSC Nápoles,Karim Zedadka,0.1,2000-06-09,20,Francia,1.82,Interior izquierdo,51,"0,98",2,8,0,0,3.776'
SSC Nápoles,Eljif Elmas,18,1999-09-24,21,Macedonia del Norte,1.82,Mediocentro ofensivo,166,"1,64",16,11,0,0,8.649'
SSC Nápoles,Lorenzo Insigne,48,1991-06-04,29,Italia,1.63,Extremo izquierdo,509,"1,89",164,98,0,0,36.286'
SSC Nápoles,Antonio Cioffi,0.4,2002-12-19,18,Italia,1.8,Extremo izquierdo,53,"1,49",18,5,0,0,3.445'
SSC Nápoles,Hirving Lozano,45,1995-07-30,25,México,1.75,Extremo derecho,295,"1,73",101,60,0,0,21.767'
SSC Nápoles,Matteo Politano,25,1993-08-03,27,Italia,1.71,Extremo derecho,398,"1,65",74,37,0,0,24.737'
SSC Nápoles,Victor Osimhen,50,1998-12-29,22,Nigeria,1.86,Delantero centro,111,"1,59",42,11,0,0,7.482'
SSC Nápoles,Andrea Petagna,17,1995-06-30,25,Italia,1.9,Delantero centro,301,"1,45",74,26,0,0,19.423'
SSC Nápoles,Dries Mertens,12,1987-05-06,33,Bélgica,1.69,Delantero centro,637,"1,76",232,176,0,0,45.770'
AC Milan,Gianluigi Donnarumma,60,1999-02-25,22,Italia,1.96,Portero,252,"1,73",0,0,272,86,22.537'
AC Milan,Ciprian Tatarusanu,0.7,1986-02-09,35,Rumania,1.98,Portero,413,"1,70",0,0,417,153,36.941'
AC Milan,Antonio Donnarumma,0.3,1990-07-07,30,Italia,1.92,Portero,136,"1,26",0,0,182,41,12.293'
AC Milan,Alessio Romagnoli,30,1995-01-12,26,Italia,1.85,Defensa central,279,"1,78",14,4,0,0,23.795'
AC Milan,Fikayo Tomori,20,1997-12-19,23,Inglaterra,1.84,Defensa central,193,"1,65",11,5,0,0,15.874'
AC Milan,Simon Kjaer,10,1989-03-26,32,Dinamarca,1.91,Defensa central,459,"1,71",21,9,0,0,38.678'
AC Milan,Matteo Gabbia,9,1999-10-21,21,Italia,1.85,Defensa central,120,"1,68",6,3,0,0,9.400'
AC Milan,Theo Hernández,50,1997-10-06,23,Francia,1.84,Lateral izquierdo,173,"1,76",17,21,0,0,14.469'
AC Milan,Davide Calabria,25,1996-12-06,24,Italia,1.76,Lateral derecho,194,"1,80",10,10,0,0,14.801'
AC Milan,Diogo Dalot,10,1999-03-18,22,Portugal,1.83,Lateral derecho,106,"1,83",7,15,0,0,7.802'
AC Milan,Pierre Kalulu,7,2000-06-05,20,Francia,1.79,Lateral derecho,67,"1,52",1,3,0,0,5.429'
AC Milan,Ismaël Bennacer,40,1997-12-01,23,Argelia,1.75,Pivote,190,"1,64",7,15,0,0,14.348'
AC Milan,Sandro Tonali,32,2000-05-08,20,Italia,1.81,Pivote,177,"1,41",18,18,0,0,13.695'
AC Milan,Franck Kessié,50,1996-12-19,24,Costa de Marfil,1.83,Mediocentro,250,"1,82",37,18,0,0,20.357'
AC Milan,Rade Krunic,6,1993-10-07,27,Bosnia y Herzegovina,1.84,Mediocentro,239,"1,41",22,27,0,0,16.058'
AC Milan,Soualiho Meïté,5,1994-03-17,27,Francia,1.87,Mediocentro,254,"1,52",8,12,0,0,16.978'
AC Milan,Hakan Calhanoglu,35,1994-02-08,27,Turquía,1.78,Mediocentro ofensivo,419,"1,66",92,100,0,0,31.737'
AC Milan,Brahim Díaz,14,1999-08-03,21,España,1.71,Mediocentro ofensivo,128,"1,97",29,20,0,0,7.505'
AC Milan,Daniel Maldini,0.8,2001-10-11,19,Italia,1.81,Mediocentro ofensivo,80,"1,89",32,5,0,0,4.864'
AC Milan,Ante Rebic,32,1993-09-21,27,Croacia,1.85,Extremo izquierdo,245,"1,60",61,30,0,0,15.115'
AC Milan,Jens Petter Hauge,10,1999-10-12,21,Noruega,1.84,Extremo izquierdo,148,"1,95",40,31,0,0,6.519'
AC Milan,Alexis Saelemaekers,18,1999-06-27,21,Bélgica,1.8,Extremo derecho,117,"1,62",6,17,0,0,7.415'
AC Milan,Samu Castillejo,10,1995-01-18,26,España,1.82,Extremo derecho,270,"1,65",22,31,0,0,15.575'
AC Milan,Rafael Leão,28,1999-06-10,21,Portugal,1.88,Delantero centro,119,"1,67",35,15,0,0,6.454'
AC Milan,Zlatan Ibrahimovic,5,1981-10-03,39,Suecia,1.95,Delantero centro,785,"2,10",484,186,0,0,61.571'
AC Milan,Mario Mandzukic,1,1986-05-21,34,Croacia,1.9,Delantero centro,502,"2,10",197,84,0,0,38.338'
Leicester City,Kasper Schmeichel,8,1986-11-05,34,Dinamarca,1.89,Portero,581,"1,64",0,0,662,197,52.277'
Leicester City,Danny Ward,6,1993-06-22,27,Gales,1.91,Portero,139,"1,81",0,0,167,39,12.455'
Leicester City,Eldin Jakupovic,0.4,1984-10-02,36,Suiza,1.91,Portero,272,"1,56",1,0,331,94,24.451'
Leicester City,Caglar Söyüncü,40,1996-05-23,24,Turquía,1.87,Defensa central,171,"1,51",4,2,0,0,14.178'
Leicester City,Wesley Fofana,30,2000-12-17,20,Francia,1.9,Defensa central,59,"1,78",2,1,0,0,4.858'
Leicester City,Jonny Evans,7,1988-01-03,33,Irlanda del Norte,1.88,Defensa central,451,"1,77",19,14,0,0,37.831'
Leicester City,Wes Morgan,0.5,1984-01-21,37,Jamaica,1.85,Defensa central,704,"1,53",27,7,0,0,60.402'
Leicester City,Luke Thomas,3,2001-06-10,19,Inglaterra,1.81,Lateral izquierdo,87,"1,56",9,7,0,0,6.967'
Leicester City,Christian Fuchs,1,1986-04-07,35,Austria,1.87,Lateral izquierdo,533,"1,56",32,83,0,0,41.974'
Leicester City,Ricardo Pereira,30,1993-10-06,27,Portugal,1.75,Lateral derecho,276,"1,85",20,30,0,0,22.495'
Leicester City,Timothy Castagne,24,1995-12-05,25,Bélgica,1.8,Lateral derecho,219,"1,86",12,17,0,0,17.235'
Leicester City,James Justin,17,1998-02-23,23,Inglaterra,1.83,Lateral derecho,165,"1,97",10,17,0,0,12.733'
Leicester City,Wilfred Ndidi,50,1996-12-16,24,Nigeria,1.83,Pivote,249,"1,67",16,13,0,0,21.030'
Leicester City,Hamza Choudhury,8,1997-10-01,23,Inglaterra,1.78,Pivote,156,"1,54",3,6,0,0,9.656'
Leicester City,Nampalys Mendy,8,1992-06-23,28,Senegal,1.67,Pivote,298,"1,48",1,6,0,0,22.954'
Leicester City,Daniel Amartey,5,1994-12-21,26,Ghana,1.86,Pivote,190,"1,73",9,6,0,0,14.813'
Leicester City,Youri Tielemans,55,1997-05-07,23,Bélgica,1.76,Mediocentro,348,"1,74",57,52,0,0,26.774'
Leicester City,Dennis Praet,20,1994-05-14,26,Bélgica,1.81,Mediocentro,349,"1,67",34,50,0,0,24.815'
Leicester City,Marc Albrighton,5,1989-11-18,31,Inglaterra,1.75,Interior derecho,377,"1,54",30,69,0,0,24.195'
Leicester City,Harvey Barnes,35,1997-12-09,23,Inglaterra,1.82,Interior izquierdo,213,"1,49",53,37,0,0,14.828'
Leicester City,James Maddison,60,1996-11-23,24,Inglaterra,1.75,Mediocentro ofensivo,222,"1,56",51,46,0,0,15.771'
Leicester City,Cengiz Ünder,20,1997-07-14,23,Turquía,1.73,Extremo derecho,208,"1,69",39,31,0,0,13.036'
Leicester City,Ayoze Pérez,18,1993-07-29,27,España,1.78,Mediapunta,313,"1,45",76,29,0,0,20.563'
Leicester City,Kelechi Iheanacho,15,1996-10-03,24,Nigeria,1.85,Delantero centro,191,"1,56",58,29,0,0,8.072'
Leicester City,Jamie Vardy,10,1987-01-11,34,Inglaterra,1.79,Delantero centro,382,"1,66",178,76,0,0,29.894'
Everton FC,Jordan Pickford,22,1994-03-07,27,Inglaterra,1.85,Portero,335,"1,26",0,0,458,99,29.995'
Everton FC,Robin Olsen,4,1990-01-08,31,Suecia,1.96,Portero,266,"1,83",0,0,296,95,23.850'
Everton FC,João Virgínia,0.5,1999-10-10,21,Portugal,1.92,Portero,70,"1,87",0,0,86,26,6.317'
Everton FC,Michael Keane,28,1993-01-11,28,Inglaterra,1.88,Defensa central,350,"1,56",28,13,0,0,30.074'
Everton FC,Ben Godfrey,25,1998-01-15,23,Inglaterra,1.86,Defensa central,196,"1,39",7,3,0,0,15.543'
Everton FC,Yerry Mina,20,1994-09-23,26,Colombia,1.95,Defensa central,206,"1,75",25,5,0,0,16.246'
Everton FC,Mason Holgate,18,1996-10-22,24,Inglaterra,1.87,Defensa central,172,"1,60",7,9,0,0,14.107'
Everton FC,Lucas Digne,35,1993-07-20,27,Francia,1.78,Lateral izquierdo,297,"1,85",13,34,0,0,24.641'
Everton FC,Niels Nkounkou,3,2000-11-01,20,Francia,1.8,Lateral izquierdo,50,"1,24",4,6,0,0,3.844'
Everton FC,Seamus Coleman,7,1988-10-11,32,Irlanda,1.77,Lateral derecho,420,"1,56",29,36,0,0,33.879'
Everton FC,Jean-Philippe Gbamin,18,1995-09-25,25,Costa de Marfil,1.86,Pivote,196,"1,27",7,6,0,0,15.678'
Everton FC,Abdoulaye Doucouré,25,1993-01-01,28,Francia,1.83,Mediocentro,278,"1,33",36,32,0,0,21.995'
Everton FC,Allan,22,1991-01-08,30,Brasil,1.75,Mediocentro,409,"1,83",14,32,0,0,28.940'
Everton FC,André Gomes,20,1993-07-30,27,Portugal,1.88,Mediocentro,290,"1,91",25,25,0,0,18.820'
Everton FC,Tom Davies,16,1998-06-30,22,Inglaterra,1.8,Mediocentro,177,"1,60",7,10,0,0,11.667'
Everton FC,Fabian Delph,5,1989-11-21,31,Inglaterra,1.74,Mediocentro,309,"1,62",19,12,0,0,22.232'
Everton FC,James Rodríguez,30,1991-07-12,29,Colombia,1.81,Mediocentro ofensivo,410,"2,20",110,132,0,0,27.393'
Everton FC,Gylfi Sigurdsson,15,1989-09-08,31,Islandia,1.86,Mediocentro ofensivo,471,"1,43",115,76,0,0,33.790'
Everton FC,Richarlison,60,1997-05-10,23,Brasil,1.84,Extremo izquierdo,221,"1,42",66,25,0,0,16.904'
Everton FC,Alex Iwobi,22,1996-05-03,24,Nigeria,1.83,Extremo izquierdo,265,"1,69",35,38,0,0,16.744'
Everton FC,Bernard,12,1992-09-08,28,Brasil,1.64,Extremo izquierdo,311,"1,87",52,61,0,0,19.340'
Everton FC,Joshua King,10,1992-01-15,29,Noruega,1.87,Mediapunta,329,"1,29",72,41,0,0,21.566'
Everton FC,Dominic Calvert-Lewin,45,1997-03-16,24,Inglaterra,1.87,Delantero centro,213,"1,51",63,18,0,0,12.887'
Wolverhampton Wanderers,Rui Patrício,10,1988-02-15,33,Portugal,1.9,Portero,583,"1,80",0,0,586,215,52.512'
Wolverhampton Wanderers,John Ruddy,1,1986-10-24,34,Inglaterra,1.92,Portero,453,"1,48",0,0,568,143,40.652'
Wolverhampton Wanderers,Conor Coady,22,1993-02-25,28,Inglaterra,1.85,Defensa central,416,"1,57",20,15,0,0,35.406'
Wolverhampton Wanderers,Willy Boly,14,1991-02-03,30,Costa de Marfil,1.95,Defensa central,313,"1,58",15,6,0,0,27.315'
Wolverhampton Wanderers,Romain Saïss,10,1990-03-26,31,Marruecos,1.88,Defensa central,318,"1,48",17,11,0,0,25.603'
Wolverhampton Wanderers,Max Kilman,4.5,1997-05-23,23,Inglaterra,1.92,Defensa central,84,"1,58",3,2,0,0,6.545'
Wolverhampton Wanderers,Rayan Aït Nouri,20,2001-06-06,19,Francia,1.79,Lateral izquierdo,40,"1,18",1,5,0,0,2.539'
Wolverhampton Wanderers,Jonny Otto,15,1994-03-03,27,España,1.75,Lateral izquierdo,339,"1,44",8,17,0,0,27.494'
Wolverhampton Wanderers,Marçal,1.8,1989-02-19,32,Brasil,1.78,Lateral izquierdo,262,"1,55",3,18,0,0,21.293'
Wolverhampton Wanderers,Nélson Semedo,32,1993-11-16,27,Portugal,1.77,Lateral derecho,280,"2,05",10,33,0,0,21.460'
Wolverhampton Wanderers,Ki-Jana Hoever,7,2002-01-18,19,Países Bajos,1.83,Lateral derecho,63,"1,76",3,1,0,0,4.452'
Wolverhampton Wanderers,Rúben Neves,50,1997-03-13,24,Portugal,1.8,Pivote,262,"1,85",24,13,0,0,18.687'
Wolverhampton Wanderers,Leander Dendoncker,32,1995-04-15,25,Bélgica,1.88,Pivote,302,"1,78",21,5,0,0,24.199'
Wolverhampton Wanderers,Owen Otasowie,1.5,2001-01-06,20,Estados Unidos,1.88,Pivote,39,"1,03",1,2,0,0,2.199'
Wolverhampton Wanderers,Morgan Gibbs-White,6,2000-01-27,21,Inglaterra,1.71,Mediocentro,99,"1,62",4,7,0,0,4.261'
Wolverhampton Wanderers,Vitinha,6,2000-02-13,21,Portugal,1.72,Mediocentro,55,"1,60",10,7,0,0,2.216'
Wolverhampton Wanderers,João Moutinho,4,1986-09-08,34,Portugal,1.7,Mediocentro,724,"1,95",51,118,0,0,59.242'
Wolverhampton Wanderers,Pedro Neto,35,2000-03-09,21,Portugal,1.72,Extremo izquierdo,97,"1,37",12,11,0,0,5.400'
Wolverhampton Wanderers,Adama Traoré,35,1996-01-25,25,España,1.78,Extremo derecho,285,"1,30",25,52,0,0,17.509'
Wolverhampton Wanderers,Daniel Podence,25,1995-10-21,25,Portugal,1.65,Extremo derecho,239,"1,81",30,42,0,0,15.656'
Wolverhampton Wanderers,Raúl Jiménez,35,1991-05-05,29,México,1.88,Delantero centro,361,"1,89",117,51,0,0,21.919'
Wolverhampton Wanderers,Fábio Silva,25,2002-07-19,18,Portugal,1.85,Delantero centro,62,"1,74",13,6,0,0,2.831'
Wolverhampton Wanderers,Willian José,20,1991-11-23,29,Brasil,1.89,Delantero centro,359,"1,33",101,24,0,0,22.105'
Wolverhampton Wanderers,Renat Dadashov,0.3,1999-05-17,21,Azerbaiyán,1.86,,0,0,0,0,0,0,0
